{"cameraMode":{"drawMode":0,"name":"Shaded","section":"Shading Mode"},"sceneLighting":false,"audioPlay":false,"sceneViewState":{"m_AlwaysRefresh":false,"showFog":true,"showSkybox":true,"showFlares":true,"showImageEffects":true,"showParticleSystems":true,"showVisualEffectGraphs":true,"m_FxEnabled":true},"in2DMode":false,"pivot":{"x":-10.960000038146973,"y":0.04999995231628418,"z":4.449999809265137},"rotation":{"x":-0.030080650001764299,"y":-0.9395942687988281,"z":0.3300558626651764,"w":-0.08563949167728424},"size":2.1650643348693849,"orthographic":false}