{"cameraMode":{"drawMode":0,"name":"Shaded","section":"Shading Mode"},"sceneLighting":false,"audioPlay":false,"sceneViewState":{"m_AlwaysRefresh":false,"showFog":true,"showSkybox":true,"showFlares":true,"showImageEffects":true,"showParticleSystems":true,"showVisualEffectGraphs":true,"m_FxEnabled":true},"in2DMode":false,"pivot":{"x":0.3650951385498047,"y":1.8727631568908692,"z":-0.10702371597290039},"rotation":{"x":-0.23137709498405457,"y":-0.36358216404914858,"z":0.09373444318771362,"w":-0.8974943161010742},"size":2.4863977432250978,"orthographic":false}